SNP.Chromosome,SNP.Position,SNP.ID,SNP.Gene
"(1,)","(10397,)","('1:10399:C:A',)","('GENE1',)"
"(1,)","(10420,)","('1:10420:A:C',)","('GENE1',)"
"(1,)","(10437,)","('1:10437:T:C',)","('GENE1',)"
"(1,)","(10438,)","('1:10438:A:T',)","('GENE1',)"
"(1,)","(10440,)","('1:10440:C:A',)","('GENE1',)"
"(1,)","(10443,)","('1:10443:C:T',)","('GENE1',)"
"(1,)","(10444,)","('1:10444:T:A',)","('GENE1',)"
"(1,)","(10445,)","('1:10445:A:C',)","('GENE1',)"
"(1,)","(10450,)","('1:10450:T:G',)","('GENE1',)"
"(1,)","(10451,)","('1:10451:A:T',)","('GENE1',)"
"(1,)","(10452,)","('1:10452:A:G',)","('GENE1',)"
"(1,)","(10452,)","('1:10453:A:C',)","('GENE1',)"
"(1,)","(10454,)","('1:10454:C:T',)","('GENE1',)"
"(1,)","(10456,)","('1:10456:T:C',)","('GENE1',)"
"(1,)","(10457,)","('1:10457:A:C',)","('GENE1',)"
"(1,)","(64235,)","('1:64235:T:C',)","('GENE1',)"
"(1,)","(64239,)","('1:64239:T:C',)","('GENE1',)"
"(1,)","(64310,)","('1:64310:A:G',)","('GENE1',)"
"(1,)","(64310,)","('1:64311:A:C',)","('GENE1',)"
"(1,)","(64388,)","('1:64388:G:T',)","('GENE1',)"
"(1,)","(64428,)","('1:64428:G:A',)","('GENE1',)"
"(1,)","(64442,)","('1:64442:G:A',)","('GENE1',)"
"(1,)","(64531,)","('1:64531:T:C',)","('GENE1',)"
"(1,)","(64542,)","('1:64542:G:C',)","('GENE1',)"
"(1,)","(64547,)","('1:64547:A:C',)","('GENE1',)"
"(1,)","(64548,)","('1:64548:A:C',)","('GENE1',)"
"(1,)","(64552,)","('1:64552:G:A',)","('GENE1',)"
"(1,)","(64563,)","('1:64563:C:T',)","('GENE1',)"
"(1,)","(64564,)","('1:64564:G:A',)","('GENE1',)"
"(1,)","(64613,)","('1:64613:T:A',)","('GENE1',)"
"(1,)","(64626,)","('1:64626:G:C',)","('GENE1',)"
