StatsTable.rsID,StatsTable.statsID,StatsTable.Allele Count,StatsTable.Allele Frequency,StatsTable.Population
"('1:10399:C:A',)","('96_1',)","(7,)","('0.00109307',)","('SIB',)"
"('1:10420:A:C',)","('96_2',)","(2,)","('0.000312305',)","('SIB',)"
"('1:10437:T:C',)","('96_3',)","(5,)","('0.000780762',)","('SIB',)"
"('1:10438:A:T',)","('97_1',)","(2,)","('0.000312305',)","('SIB',)"
"('1:10440:C:A',)","('97_2',)","(48,)","('0.00749532',)","('SIB',)"
"('1:10443:C:T',)","('97_3',)","(38,)","('0.00593379',)","('SIB',)"
"('1:10444:T:A',)","('97_4',)","(15,)","('0.00234229',)","('SIB',)"
"('1:10445:A:C',)","('98_1',)","(3,)","('0.000468457',)","('SIB',)"
"('1:10450:T:G',)","('98_2',)","(18,)","('0.00281074',)","('SIB',)"
"('1:10451:A:T',)","('98_3',)","(5,)","('0.000780762',)","('SIB',)"
"('1:10452:A:G',)","('98_4',)","(3,)","('0.000468457',)","('SIB',)"
"('1:10453:A:C',)","('98_5',)","(5,)","('0.000780762',)","('SIB',)"
"('1:10454:C:T',)","('99_1',)","(20,)","('0.00312305',)","('SIB',)"
"('1:10456:T:C',)","('99_2',)","(5,)","('0.000780762',)","('SIB',)"
"('1:10457:A:C',)","('99_4',)","(5,)","('0.000780762',)","('SIB',)"
"('1:64235:T:C',)","('HG00096',)","(4,)","('0.00062461',)","('GBR',)"
"('1:64239:T:C',)","('HG00097',)","(235,)","('0.0366958',)","('GBR',)"
"('1:64310:A:G',)","('HG00099',)","(1201,)","('0.187539',)","('GBR',)"
"('1:64311:A:C',)","('HG00100',)","(5,)","('0.000780762',)","('GBR',)"
"('1:64388:G:T',)","('HG00101',)","(2,)","('0.000312305',)","('GBR',)"
"('1:64428:G:A',)","('HG00102',)","(47,)","('0.00733916',)","('GBR',)"
"('1:64428:G:A',)","('HG00103',)","(2,)","('0.000312305',)","('GBR',)"
"('1:64531:T:C',)","('HG00105',)","(6,)","('0.000936914',)","('GBR',)"
"('1:64542:G:C',)","('HG00106',)","(2,)","('0.000312305',)","('GBR',)"
"('1:64547:A:C',)","('HG00107',)","(50,)","('0.00780762',)","('GBR',)"
"('1:64548:A:C',)","('HG00108',)","(2103,)","('0.328389',)","('GBR',)"
"('1:64552:G:A',)","('HG00109',)","(2104,)","('0.328545',)","('GBR',)"
"('1:64563:C:T',)","('HG00110',)","(2,)","('0.000312305',)","('GBR',)"
"('1:64564:G:A',)","('HG00111',)","(2,)","('0.000312305',)","('GBR',)"
"('1:64613:T:A',)","('HG00112',)","(26,)","('0.00405996',)","('GBR',)"
"('1:64626:G:C',)","('HG00113',)","(3,)","('0.000468457',)","('GBR',)"
