SNP.Chromosome,SNP.Position,SNP.ID,SNP.Gene
"(1,)",10397,1:10399:C:A,GENE1
"(1,)",10420,1:10420:A:C,GENE1
"(1,)",10437,1:10437:T:C,GENE1
"(1,)",10438,1:10438:A:T,GENE1
"(1,)",10440,1:10440:C:A,GENE1
"(1,)",10443,1:10443:C:T,GENE1
"(1,)",10444,1:10444:T:A,GENE1
"(1,)",10445,1:10445:A:C,GENE1
"(1,)",10450,1:10450:T:G,GENE1
"(1,)",10451,1:10451:A:T,GENE1
"(1,)",10452,1:10452:A:G,GENE1
"(1,)",10452,1:10453:A:C,GENE1
"(1,)",10454,1:10454:C:T,GENE1
"(1,)",10456,1:10456:T:C,GENE1
"(1,)",10457,1:10457:A:C,GENE1
"(1,)",64235,1:64235:T:C,GENE1
"(1,)",64239,1:64239:T:C,GENE1
"(1,)",64310,1:64310:A:G,GENE1
"(1,)",64310,1:64311:A:C,GENE1
"(1,)",64388,1:64388:G:T,GENE1
"(1,)",64428,1:64428:G:A,GENE1
"(1,)",64442,1:64442:G:A,GENE1
"(1,)",64531,1:64531:T:C,GENE1
"(1,)",64542,1:64542:G:C,GENE1
"(1,)",64547,1:64547:A:C,GENE1
"(1,)",64548,1:64548:A:C,GENE1
"(1,)",64552,1:64552:G:A,GENE1
"(1,)",64563,1:64563:C:T,GENE1
"(1,)",64564,1:64564:G:A,GENE1
"(1,)",64613,1:64613:T:A,GENE1
"(1,)",64626,1:64626:G:C,GENE1
"(1,)",66090,1:66090:T:A,GENEFIN
"(1,)",66099,1:66099:G:C,GENEFIN
"(1,)",66147,1:66147:G:A,GENEFIN
"(1,)",66172,1:66172:A:G,GENEFIN
"(1,)",66176,1:66176:T:A,GENEFIN
"(1,)",66210,1:66210:A:T,GENEFIN
"(1,)",66214,1:66215:A:T,GENEFIN
"(1,)",66381,1:66381:T:A,GENEFIN
"(1,)",66390,1:66390:T:A,GENEFIN
"(1,)",66405,1:66405:A:T,GENEFIN
"(1,)",81798,1:81798:A:G,GENECHS
"(1,)",81832,1:81832:C:G,GENECHS
"(1,)",81850,1:81850:G:A,GENECHS
"(1,)",81941,1:81941:A:T,GENECHS
"(1,)",83699,1:83699:T:C,GENECHS
"(1,)",83703,1:83703:A:G,GENECHS
"(1,)",84079,1:84079:T:C,GENECHS
"(1,)",84097,1:84097:T:A,GENECHS
"(1,)",84133,1:84133:A:T,GENECHS
"(1,)",84139,1:84139:A:T,GENECHS
"(1,)",98667,1:98667:T:C,GENEPUR
"(1,)",98689,1:98689:C:T,GENEPUR
"(1,)",98710,1:98710:C:T,GENEPUR
"(1,)",98711,1:98711:G:A,GENEPUR
"(1,)",98725,1:98725:C:G,GENEPUR
"(1,)",98835,1:98835:G:C,GENEPUR
"(1,)",98841,1:98841:G:A,GENEPUR
"(1,)",98857,1:98857:G:A,GENEPUR
"(1,)",98896,1:98896:G:C,GENEPUR
"(1,)",98899,1:98899:C:G,GENEPUR
