StatsTable.rsID,StatsTable.statsID,StatsTable.Allele Count,StatsTable.Allele Frequency,StatsTable.Population
"('1:10399:C:A',)","('96_1',)",7,0.00109307,"('SIB',)"
"('1:10420:A:C',)","('96_2',)",2,0.000312305,"('SIB',)"
"('1:10437:T:C',)","('96_3',)",5,0.000780762,"('SIB',)"
"('1:10438:A:T',)","('97_1',)",2,0.000312305,"('SIB',)"
"('1:10440:C:A',)","('97_2',)",48,0.00749532,"('SIB',)"
"('1:10443:C:T',)","('97_3',)",38,0.00593379,"('SIB',)"
"('1:10444:T:A',)","('97_4',)",15,0.00234229,"('SIB',)"
"('1:10445:A:C',)","('98_1',)",3,0.000468457,"('SIB',)"
"('1:10450:T:G',)","('98_2',)",18,0.00281074,"('SIB',)"
"('1:10451:A:T',)","('98_3',)",5,0.000780762,"('SIB',)"
"('1:10452:A:G',)","('98_4',)",3,0.000468457,"('SIB',)"
"('1:10453:A:C',)","('98_5',)",5,0.000780762,"('SIB',)"
"('1:10454:C:T',)","('99_1',)",20,0.00312305,"('SIB',)"
"('1:10456:T:C',)","('99_2',)",5,0.000780762,"('SIB',)"
"('1:10457:A:C',)","('99_4',)",5,0.000780762,"('SIB',)"
"('1:64235:T:C',)","('HG00096',)",4,0.00062461,"('GBR',)"
"('1:64239:T:C',)","('HG00097',)",235,0.0366958,"('GBR',)"
"('1:64310:A:G',)","('HG00099',)",1201,0.187539,"('GBR',)"
"('1:64311:A:C',)","('HG00100',)",5,0.000780762,"('GBR',)"
"('1:64388:G:T',)","('HG00101',)",2,0.000312305,"('GBR',)"
"('1:64428:G:A',)","('HG00102',)",47,0.00733916,"('GBR',)"
"('1:64428:G:A',)","('HG00103',)",2,0.000312305,"('GBR',)"
"('1:64531:T:C',)","('HG00105',)",6,0.000936914,"('GBR',)"
"('1:64542:G:C',)","('HG00106',)",2,0.000312305,"('GBR',)"
"('1:64547:A:C',)","('HG00107',)",50,0.00780762,"('GBR',)"
"('1:64548:A:C',)","('HG00108',)",2103,0.328389,"('GBR',)"
"('1:64552:G:A',)","('HG00109',)",2104,0.328545,"('GBR',)"
"('1:64563:C:T',)","('HG00110',)",2,0.000312305,"('GBR',)"
"('1:64564:G:A',)","('HG00111',)",2,0.000312305,"('GBR',)"
"('1:64613:T:A',)","('HG00112',)",26,0.00405996,"('GBR',)"
"('1:64626:G:C',)","('HG00113',)",3,0.000468457,"('GBR',)"
"('1:66090:T:A',)","('HG00171',)",2,0.000312305,"('FIN',)"
"('1:66099:G:C',)","('HG00173',)",2,0.000312305,"('FIN',)"
"('1:66147:G:A',)","('HG00174',)",20,0.00312305,"('FIN',)"
"('1:66172:A:G',)","('HG00176',)",6,0.000936914,"('FIN',)"
"('1:66176:T:A',)","('HG00177',)",385,0.0601187,"('FIN',)"
"('1:66210:A:T',)","('HG00178',)",2,0.000312305,"('FIN',)"
"('1:66215:A:T',)","('HG00179',)",5,0.000780762,"('FIN',)"
"('1:66381:T:A',)","('HG00180',)",426,0.0665209,"('FIN',)"
"('1:66390:T:A',)","('HG00181',)",45,0.00702686,"('FIN',)"
"('1:66405:A:T',)","('HG00182',)",6,0.000936914,"('FIN',)"
"('1:81798:A:G',)","('HG00403',)",100,0.0156152,"('CHS',)"
"('1:81832:C:G',)","('HG00404',)",27,0.00421611,"('CHS',)"
"('1:81850:G:A',)","('HG00405',)",0,0.0,"('CHS',)"
"('1:81941:A:T',)","('HG00406',)",21,0.0032792,"('CHS',)"
"('1:83699:T:C',)","('HG00407',)",6,0.000936914,"('CHS',)"
"('1:83703:A:G',)","('HG00408',)",2,0.000312305,"('CHS',)"
"('1:84079:T:C',)","('HG00409',)",8,0.00124922,"('CHS',)"
"('1:84097:T:A',)","('HG00410',)",13,0.00202998,"('CHS',)"
"('1:84133:A:T',)","('HG00418',)",97,0.0151468,"('CHS',)"
"('1:84139:A:T',)","('HG00419',)",94,0.0146783,"('CHS',)"
"('1:98667:T:C',)","('HG00731',)",195,0.0304497,"('PUR',)"
"('1:98689:C:T',)","('HG00732',)",4,0.00062461,"('PUR',)"
"('1:98710:C:T',)","('HG00733',)",6,0.000936914,"('PUR',)"
"('1:98711:G:A',)","('HG00734',)",4,0.00062461,"('PUR',)"
"('1:98725:C:G',)","('HG00735',)",2,0.000312305,"('PUR',)"
"('1:98835:G:C',)","('HG00736',)",3,0.000468457,"('PUR',)"
"('1:98841:G:A',)","('HG00737',)",84,0.0131168,"('PUR',)"
"('1:98857:G:A',)","('HG00738',)",11,0.00171768,"('PUR',)"
"('1:98896:G:C',)","('HG00739',)",18,281074.0,"('PUR',)"
"('1:98899:C:G',)","('HG00740',)",19,0.0029669,"('PUR',)"
